{"options":{"check_for_updates":false,"comment":null,"compat_foreach":false,"compat_metadata":false,"compat_powerful_this":null,"compat_wrappedjsobject":false,"compatopts_for_requires":true,"noframes":null,"override":{"merge_connects":true,"merge_excludes":true,"merge_includes":true,"merge_matches":true,"orig_connects":[],"orig_excludes":[],"orig_includes":[],"orig_matches":["https://www.bilibili.com/*"],"orig_noframes":null,"orig_run_at":"document-idle","use_blockers":[],"use_connects":[],"use_excludes":[],"use_includes":[],"use_matches":[]},"run_at":null,"sandbox":null,"tab_types":null,"unwrap":null,"user_modified":1702630680558},"settings":{"enabled":false,"position":1},"meta":{"name":"BiliBili视频速度控制","uuid":"02dcab73-3007-4e64-b4b6-0e236895dab3","modified":1702630680555,"file_url":"https://update.greasyfork.org/scripts/441355/BiliBili%E8%A7%86%E9%A2%91%E9%80%9F%E5%BA%A6%E6%8E%A7%E5%88%B6.user.js"}}